Time,dTEC,ipplat,ipplon
2023-02-01 02:08:37,-0.009635785,35.1821,38.2877
2023-02-01 02:08:42,-0.040527012,35.18241,38.28821
2023-02-01 02:08:47,0.053397597,35.18272,38.28873
2023-02-01 02:08:52,-0.03034384,35.18303,38.28925
2023-02-01 02:08:57,-0.057425702,35.18334,38.28977
2023-02-01 02:09:02,-0.100941671,35.18365,38.29028
2023-02-01 02:09:07,-0.116939626,35.18396,38.2908
2023-02-01 02:09:12,-0.143023645,35.18427,38.29132
2023-02-01 02:09:17,-0.03370931,35.18458,38.29184
2023-02-01 02:09:22,-0.018384406,35.18489,38.29236
2023-02-01 02:09:27,-0.022778517,35.18519,38.29288
2023-02-01 02:09:32,-0.072979036,35.1855,38.29341
2023-02-01 02:09:37,-0.056875756,35.1858,38.29393
2023-02-01 02:09:42,-0.036280678,35.18611,38.29445
2023-02-01 02:09:47,0.018421188,35.18641,38.29498
2023-02-01 02:09:52,0.02591043,35.18672,38.2955
2023-02-01 02:09:57,0.096886824,35.18702,38.29602
2023-02-01 02:10:02,0.095034638,35.19406,38.30615
2023-02-01 02:10:07,0.054198929,35.19436,38.30668
2023-02-01 02:10:12,-0.025384555,35.19467,38.30721
2023-02-01 02:10:17,0.012109722,35.19497,38.30774
2023-02-01 02:10:22,-0.045313618,35.19527,38.30826
2023-02-01 02:10:27,0.027034036,35.19557,38.30879
2023-02-01 02:10:32,0.085550879,35.19587,38.30932
2023-02-01 02:10:37,0.114020893,35.19617,38.30985
2023-02-01 02:10:42,0.101868443,35.19647,38.31038
2023-02-01 02:10:47,-0.025645121,35.19676,38.31092
2023-02-01 02:10:52,-0.002700366,35.19706,38.31145
2023-02-01 02:10:57,-0.062445879,35.19736,38.31198
2023-02-01 02:11:02,0.031081938,35.19765,38.31251
2023-02-01 02:11:07,0.081419462,35.19795,38.31304
2023-02-01 02:11:12,0.008637351,35.19824,38.31358
2023-02-01 02:11:17,0.060228942,35.19854,38.31411
2023-02-01 02:11:22,-0.044900048,35.19883,38.31465
2023-02-01 02:11:27,-0.053857524,35.19912,38.31518
2023-02-01 02:11:32,-0.050078012,35.19941,38.31572
2023-02-01 02:11:37,0.023081238,35.19971,38.31625
2023-02-01 02:11:42,0.029773454,35.20675,38.32643
2023-02-01 02:11:47,-0.003206959,35.20704,38.32697
2023-02-01 02:11:52,-0.03049902,35.20733,38.32751
2023-02-01 02:11:57,0.058831926,35.20762,38.32805
2023-02-01 02:12:02,0.029752611,35.20791,38.32859
2023-02-01 02:12:07,0.061838741,35.2082,38.32913
2023-02-01 02:12:12,0.093265398,35.20849,38.32967
2023-02-01 02:12:17,0.112050737,35.20878,38.33021
2023-02-01 02:12:22,0.062728287,35.20906,38.33075
2023-02-01 02:12:27,0.061872852,35.20935,38.3313
2023-02-01 02:12:32,0.049787708,35.20963,38.33184
2023-02-01 02:12:37,0.011666104,35.20992,38.33238
2023-02-01 02:12:42,0.124720466,35.2102,38.33293
2023-02-01 02:12:47,0.079887588,35.21049,38.33347
2023-02-01 02:12:52,0.05061934,35.21077,38.33402
2023-02-01 02:12:57,0.094968364,35.21105,38.33456
2023-02-01 02:13:02,-0.002117224,35.21133,38.33511
2023-02-01 02:13:07,0.054324763,35.21161,38.33566
2023-02-01 02:13:12,0.055588486,35.2119,38.3362
2023-02-01 02:13:17,-0.002316421,35.21894,38.34642
2023-02-01 02:13:22,-0.011291853,35.21922,38.34697
2023-02-01 02:13:27,-0.06815423,35.2195,38.34752
2023-02-01 02:13:32,-0.091118398,35.21978,38.34807
2023-02-01 02:13:37,-0.094051134,35.22006,38.34863
2023-02-01 02:13:42,-0.011144337,35.22033,38.34918
2023-02-01 02:13:47,-0.036061936,35.22061,38.34973
2023-02-01 02:13:52,-0.032017184,35.22089,38.35028
2023-02-01 02:13:57,-0.012641663,35.22116,38.35084
2023-02-01 02:14:02,0.003497022,35.22144,38.35139
2023-02-01 02:14:07,-0.014624962,35.22171,38.35195
2023-02-01 02:14:12,0.024653427,35.22199,38.3525
2023-02-01 02:14:17,-0.039427795,35.22226,38.35306
2023-02-01 02:14:22,-0.019791538,35.22253,38.35361
2023-02-01 02:14:27,-0.042631034,35.2228,38.35417
2023-02-01 02:14:32,-0.048031643,35.22308,38.35473
2023-02-01 02:14:37,-0.024706749,35.22335,38.35528
2023-02-01 02:14:42,-0.025067659,35.22362,38.35584
2023-02-01 02:14:47,-0.001874206,35.22389,38.3564
2023-02-01 02:14:52,-0.054778946,35.22415,38.35696
2023-02-01 02:14:57,0.001420742,35.2312,38.36722
2023-02-01 02:15:02,0.012780155,35.23147,38.36778
2023-02-01 02:15:07,0.001156666,35.23174,38.36835
2023-02-01 02:15:12,-0.085391574,35.232,38.36891
2023-02-01 02:15:17,-0.010895636,35.23227,38.36947
2023-02-01 02:15:22,-0.057156114,35.23254,38.37004
2023-02-01 02:15:27,-0.013822526,35.2328,38.3706
2023-02-01 02:15:32,-0.068213407,35.23306,38.37117
2023-02-01 02:15:37,0.022925782,35.23333,38.37173
2023-02-01 02:15:42,-0.01938534,35.23359,38.3723
2023-02-01 02:15:47,-0.020050575,35.23385,38.37286
2023-02-01 02:15:52,0.050308357,35.23412,38.37343
2023-02-01 02:15:57,0.013068211,35.23438,38.374
2023-02-01 02:16:02,-0.001756476,35.23464,38.37457
2023-02-01 02:16:07,-0.018035485,35.2349,38.37513
2023-02-01 02:16:12,-0.027647519,35.23516,38.3757
2023-02-01 02:16:17,-0.0104246,35.23542,38.37627
2023-02-01 02:16:22,-0.021834068,35.23567,38.37684
2023-02-01 02:16:27,0.082666118,35.23593,38.37741
2023-02-01 02:16:32,-0.04359312,35.24298,38.38772
2023-02-01 02:16:37,0.063570523,35.24323,38.38829
2023-02-01 02:16:42,0.019883235,35.24349,38.38886
2023-02-01 02:16:47,0.073299983,35.24375,38.38944
2023-02-01 02:16:52,0.030391022,35.244,38.39001
2023-02-01 02:16:57,-0.011307513,35.24426,38.39059
2023-02-01 02:17:02,0.033332597,35.24451,38.39116
2023-02-01 02:17:07,0.019622055,35.24476,38.39174
2023-02-01 02:17:12,0.04359745,35.24501,38.39232
2023-02-01 02:17:17,0.036110453,35.24527,38.39289
2023-02-01 02:17:22,0.029124323,35.24552,38.39347
2023-02-01 02:17:27,0.081395401,35.24577,38.39405
2023-02-01 02:17:32,-0.071720383,35.24602,38.39463
2023-02-01 02:17:37,0.019152285,35.24627,38.39521
2023-02-01 02:17:42,-0.000647094,35.24652,38.39578
2023-02-01 02:17:47,-0.011254531,35.24676,38.39637
2023-02-01 02:17:52,-0.046515151,35.24701,38.39695
2023-02-01 02:17:57,0.041168308,35.24726,38.39753
2023-02-01 02:18:02,-0.000626701,35.2475,38.39811
2023-02-01 02:18:07,0.026228559,35.25455,38.40846
2023-02-01 02:18:12,-0.005417882,35.25479,38.40904
2023-02-01 02:18:17,-0.042685607,35.25504,38.40963
2023-02-01 02:18:22,0.043690691,35.25528,38.41021
2023-02-01 02:18:27,0.005048707,35.25553,38.4108
2023-02-01 02:18:32,-0.034987369,35.25577,38.41138
2023-02-01 02:18:37,-0.092165462,35.25601,38.41197
2023-02-01 02:18:42,-0.054612902,35.25625,38.41256
2023-02-01 02:18:47,-0.043135529,35.25649,38.41314
2023-02-01 02:18:52,-0.003678191,35.25673,38.41373
2023-02-01 02:18:57,-0.046940645,35.25697,38.41432
2023-02-01 02:19:02,0.018624947,35.25721,38.41491
2023-02-01 02:19:07,0.007108912,35.25745,38.4155
2023-02-01 02:19:12,0.005001174,35.25769,38.41609
2023-02-01 02:19:17,-0.026009453,35.25793,38.41668
2023-02-01 02:19:22,-0.073702458,35.25816,38.41727
2023-02-01 02:19:27,-0.025735138,35.2584,38.41786
2023-02-01 02:19:32,0.053023404,35.25863,38.41846
2023-02-01 02:19:37,-0.022631538,35.25887,38.41905
2023-02-01 02:19:42,0.000660723,35.26591,38.42944
2023-02-01 02:19:47,0.02982747,35.26614,38.43003
2023-02-01 02:19:52,0.015510882,35.26638,38.43063
2023-02-01 02:19:57,0.052192032,35.26661,38.43123
2023-02-01 02:20:02,0.006536393,35.26684,38.43182
2023-02-01 02:20:07,-0.004433569,35.26707,38.43242
2023-02-01 02:20:12,-0.034989891,35.2673,38.43302
2023-02-01 02:20:17,-0.04675271,35.26753,38.43362
2023-02-01 02:20:22,0.01715403,35.26776,38.43422
2023-02-01 02:20:27,-0.004501314,35.26799,38.43482
2023-02-01 02:20:32,0.042694412,35.26822,38.43542
2023-02-01 02:20:37,0.068723758,35.26845,38.43601
2023-02-01 02:20:42,0.072880275,35.26867,38.43662
2023-02-01 02:20:47,0.018968212,35.2689,38.43722
2023-02-01 02:20:52,0.024501315,35.26913,38.43782
2023-02-01 02:20:57,-0.037202968,35.26935,38.43842
2023-02-01 02:21:02,0.004788006,35.26957,38.43902
2023-02-01 02:21:07,-0.004613416,35.2698,38.43963
2023-02-01 02:21:12,0.011883311,35.27002,38.44023
2023-02-01 02:21:17,-0.02993117,35.27706,38.45067
2023-02-01 02:21:22,-0.064484813,35.27728,38.45127
2023-02-01 02:21:27,-0.026205574,35.2775,38.45188
2023-02-01 02:21:32,0.032493593,35.27772,38.45249
2023-02-01 02:21:37,-0.031756464,35.27795,38.45309
2023-02-01 02:21:42,0.001500699,35.27816,38.4537
2023-02-01 02:21:47,-0.007343767,35.27838,38.45431
2023-02-01 02:21:52,-0.041369014,35.2786,38.45492
2023-02-01 02:21:57,-0.058505891,35.27882,38.45553
2023-02-01 02:22:02,-0.005874145,35.27904,38.45614
2023-02-01 02:22:07,-0.009215823,35.27925,38.45675
2023-02-01 02:22:12,-0.011889969,35.27947,38.45736
2023-02-01 02:22:17,-0.002381325,35.27968,38.45797
2023-02-01 02:22:22,0.008967568,35.2799,38.45859
2023-02-01 02:22:27,-0.051408827,35.28011,38.4592
2023-02-01 02:22:32,0.026369553,35.28032,38.45981
2023-02-01 02:22:37,0.087181975,35.28054,38.46043
2023-02-01 02:22:42,0.015627708,35.28075,38.46104
2023-02-01 02:22:47,-0.065843677,35.28096,38.46165
2023-02-01 02:22:52,-0.054996106,35.288,38.47214
2023-02-01 02:22:57,-0.018109003,35.2882,38.47275
2023-02-01 02:23:02,-0.021931788,35.28842,38.47337
2023-02-01 02:23:07,-0.009588779,35.28862,38.47399
2023-02-01 02:23:12,0.008107809,35.28883,38.47461
2023-02-01 02:23:17,0.000367563,35.28904,38.47523
2023-02-01 02:23:22,0.032057475,35.28925,38.47585
2023-02-01 02:23:27,-4.0463e-05,35.28945,38.47647
2023-02-01 02:23:32,0.000863246,35.28966,38.47709
2023-02-01 02:23:37,0.001742603,35.28986,38.47771
2023-02-01 02:23:42,0.002592208,35.29007,38.47833
2023-02-01 02:23:47,0.003407069,35.29027,38.47895
2023-02-01 02:23:52,0.004182094,35.29047,38.47957
2023-02-01 02:23:57,0.004912194,35.29068,38.4802
2023-02-01 02:24:02,0.005592285,35.29088,38.48082
2023-02-01 02:24:07,0.006217083,35.29108,38.48144
2023-02-01 02:24:12,0.006781711,35.29128,38.48207
2023-02-01 02:24:17,0.007280893,35.29148,38.48269
2023-02-01 02:24:22,0.007709755,35.29168,38.48332
2023-02-01 02:24:27,0.008062928,35.29871,38.49385
2023-02-01 02:24:32,0.008335646,35.29891,38.49447
2023-02-01 02:36:12,-0.045163344,35.36819,38.65814
2023-02-01 02:36:17,0.008672563,35.36829,38.65885
2023-02-01 02:36:22,0.076126705,35.3684,38.65955
2023-02-01 02:36:27,-0.035755655,35.3685,38.66026
2023-02-01 02:36:32,0.02627894,35.3686,38.66097
2023-02-01 02:36:37,0.086668436,35.37558,38.67185
2023-02-01 02:36:42,-0.00124103,35.37568,38.67256
2023-02-01 02:36:47,-0.040960339,35.37578,38.67327
2023-02-01 02:36:52,-0.043765991,35.37588,38.67398
2023-02-01 02:36:57,-0.003072205,35.37598,38.6747
2023-02-01 02:37:02,0.008736772,35.37608,38.67541
2023-02-01 02:37:07,0.000832264,35.37618,38.67612
2023-02-01 02:37:12,0.016934761,35.37627,38.67683
2023-02-01 02:37:17,0.010278418,35.37637,38.67754
2023-02-01 02:37:22,-0.006580753,35.37647,38.67826
2023-02-01 02:37:27,-0.009615986,35.37656,38.67897
2023-02-01 02:37:32,-0.012874663,35.37665,38.67969
2023-02-01 02:37:37,-0.016339022,35.37675,38.6804
2023-02-01 02:37:42,-0.01999176,35.37684,38.68112
2023-02-01 02:37:47,-0.023815039,35.37693,38.68183
2023-02-01 02:37:52,-0.027791487,35.37703,38.68255
2023-02-01 02:37:57,-0.03190331,35.37712,38.68326
2023-02-01 02:38:02,-0.03613279,35.37721,38.68398
2023-02-01 02:38:07,-0.040462294,35.38417,38.69491
2023-02-01 02:38:12,-0.044874081,35.38426,38.69563
2023-02-01 02:38:17,-0.049350504,35.38435,38.69635
2023-02-01 02:38:22,-0.053873816,35.38444,38.69707
2023-02-01 02:38:27,-0.05842638,35.38452,38.69779
2023-02-01 02:38:32,-0.06299037,35.38461,38.69852
2023-02-01 02:38:37,-0.099124678,35.38469,38.69924
2023-02-01 02:38:42,-0.109693624,35.38478,38.69996
2023-02-01 02:38:47,-0.076174758,35.38486,38.70068
2023-02-01 02:38:52,-0.065075868,35.38494,38.7014
2023-02-01 02:38:57,-0.103185286,35.38503,38.70213
2023-02-01 02:39:02,-0.068281995,35.38511,38.70285
2023-02-01 02:39:07,-0.066594137,35.38519,38.70358
2023-02-01 02:39:12,-0.051816018,35.38527,38.7043
2023-02-01 02:39:17,-0.047210014,35.38535,38.70503
2023-02-01 02:39:22,-0.075804281,35.38543,38.70575
2023-02-01 02:39:27,-0.100929162,35.38551,38.70648
2023-02-01 02:39:32,-0.115293789,35.38559,38.7072
2023-02-01 02:39:37,-0.143806698,35.39254,38.71818
2023-02-01 02:39:42,-0.165780331,35.39262,38.71891
2023-02-01 02:39:47,-0.142195644,35.39269,38.71964
2023-02-01 02:39:52,-0.099606318,35.39277,38.72037
2023-02-01 02:39:57,-0.128964461,35.39284,38.7211
2023-02-01 02:40:02,-0.152001222,35.39291,38.72183
2023-02-01 02:40:07,-0.176233392,35.39299,38.72257
2023-02-01 02:40:12,-0.17133852,35.39306,38.7233
2023-02-01 02:40:17,-0.128381611,35.39313,38.72403
2023-02-01 02:40:22,-0.138080443,35.3932,38.72476
2023-02-01 02:40:27,-0.14684527,35.39327,38.7255
2023-02-01 02:40:32,-0.118713028,35.39334,38.72623
2023-02-01 02:40:37,-0.08870065,35.39341,38.72696
2023-02-01 02:40:42,-0.126843667,35.39348,38.7277
2023-02-01 02:40:47,-0.15040922,35.39354,38.72843
2023-02-01 02:40:52,-0.089356367,35.39361,38.72917
2023-02-01 02:40:57,-0.144398089,35.39368,38.7299
2023-02-01 02:41:02,-0.098835303,35.40062,38.74093
2023-02-01 02:41:07,-0.069241063,35.40068,38.74166
2023-02-01 02:41:12,-0.082642173,35.40074,38.7424
2023-02-01 02:41:17,-0.075579895,35.40081,38.74314
2023-02-01 02:41:22,-0.141359653,35.40087,38.74388
2023-02-01 02:41:27,-0.128386943,35.40093,38.74462
2023-02-01 02:41:32,-0.115396342,35.40099,38.74536
2023-02-01 02:41:37,-0.068778814,35.40105,38.7461
2023-02-01 02:41:42,-0.073615017,35.40111,38.74684
2023-02-01 02:41:47,-0.06292211,35.40117,38.74759
2023-02-01 02:41:52,-0.058793864,35.40123,38.74833
2023-02-01 02:41:57,-0.069692465,35.40129,38.74907
2023-02-01 02:42:02,-0.062477621,35.40134,38.74982
2023-02-01 02:42:07,-0.022587573,35.4014,38.75056
2023-02-01 02:42:12,-0.062830198,35.40145,38.7513
2023-02-01 02:42:17,-0.009524116,35.40151,38.75205
2023-02-01 02:42:22,-0.077254096,35.40156,38.75279
2023-02-01 02:42:27,-0.019477466,35.40162,38.75354
2023-02-01 02:42:32,-0.029157014,35.40854,38.76461
2023-02-01 02:42:37,-0.032497496,35.40859,38.76535
2023-02-01 02:42:42,-0.04148964,35.40864,38.7661
2023-02-01 02:42:47,-0.037805755,35.4087,38.76685
2023-02-01 02:42:52,-0.010169831,35.40875,38.7676
2023-02-01 02:42:57,0.033892053,35.40879,38.76835
2023-02-01 02:43:02,0.004293524,35.40884,38.7691
2023-02-01 02:43:07,-0.025685686,35.40889,38.76985
2023-02-01 02:43:12,-0.032976046,35.40894,38.7706
2023-02-01 02:43:17,-0.010704628,35.40898,38.77135
2023-02-01 02:43:22,0.068619185,35.40903,38.7721
2023-02-01 02:43:27,0.027775405,35.40907,38.77286
2023-02-01 02:43:32,0.096849526,35.40912,38.77361
2023-02-01 02:43:37,0.125884232,35.40916,38.77436
2023-02-01 02:43:42,0.108524387,35.4092,38.77511
2023-02-01 02:43:47,0.075784338,35.40924,38.77587
2023-02-01 02:43:52,0.147519214,35.40928,38.77662
2023-02-01 02:43:57,0.161783324,35.40932,38.77738
2023-02-01 02:44:02,0.132902656,35.41624,38.78849
2023-02-01 02:44:07,0.154407782,35.41628,38.78925
2023-02-01 02:44:12,0.138855853,35.41631,38.79001
2023-02-01 02:44:17,0.172490802,35.41635,38.79077
2023-02-01 02:44:22,0.17115965,35.41639,38.79152
2023-02-01 02:44:27,0.193136601,35.41642,38.79228
2023-02-01 02:44:32,0.17965105,35.41646,38.79304
2023-02-01 02:44:37,0.184276185,35.41649,38.7938
2023-02-01 02:44:42,0.194071089,35.41653,38.79456
2023-02-01 02:44:47,0.219832646,35.41656,38.79532
2023-02-01 02:44:52,0.248384345,35.41659,38.79608
2023-02-01 02:44:57,0.227769185,35.41662,38.79684
2023-02-01 02:45:02,0.275956482,35.41665,38.79761
2023-02-01 02:45:07,0.318190875,35.41668,38.79837
2023-02-01 02:45:12,0.30415943,35.41671,38.79913
2023-02-01 02:45:17,0.276385652,35.41674,38.7999
2023-02-01 02:45:22,0.314057391,35.41677,38.80066
2023-02-01 02:45:27,0.41880245,35.42367,38.81182
2023-02-01 02:45:32,0.280599195,35.4237,38.81258
2023-02-01 02:45:37,0.310965664,35.42372,38.81335
2023-02-01 02:45:42,0.351708977,35.42375,38.81412
2023-02-01 02:45:47,0.380482152,35.42377,38.81489
2023-02-01 02:45:52,0.387395406,35.42379,38.81565
2023-02-01 02:45:57,0.364437979,35.42382,38.81642
2023-02-01 02:46:02,0.384684337,35.42384,38.81719
2023-02-01 02:46:07,0.338355992,35.42386,38.81796
2023-02-01 02:46:12,0.396299312,35.42388,38.81873
2023-02-01 02:46:17,0.408780137,35.4239,38.8195
2023-02-01 02:46:22,0.426779192,35.42392,38.82027
2023-02-01 02:46:27,0.446750205,35.42394,38.82104
2023-02-01 02:46:32,0.429657524,35.42396,38.82181
2023-02-01 02:46:37,0.49652003,35.42397,38.82258
2023-02-01 02:46:42,0.446131355,35.42399,38.82335
2023-02-01 02:46:47,0.364726002,35.424,38.82413
2023-02-01 02:46:52,0.451350264,35.42402,38.8249
2023-02-01 02:46:57,0.455356138,35.4309,38.83611
2023-02-01 02:47:02,0.458799349,35.43092,38.83688
2023-02-01 02:47:07,0.461658066,35.43093,38.83766
2023-02-01 02:47:12,0.463910428,35.43094,38.83843
2023-02-01 02:47:17,0.465534657,35.43095,38.83921
2023-02-01 02:47:22,0.466508887,35.43096,38.83999
2023-02-01 02:47:27,0.46681118,35.43097,38.84077
2023-02-01 02:47:32,0.46641995,35.43098,38.84154
2023-02-01 02:47:37,0.465313387,35.43099,38.84232
2023-02-01 02:47:42,0.463469978,35.431,38.8431
2023-02-01 02:47:47,0.46086823,35.431,38.84388
2023-02-01 02:47:52,0.457486796,35.43101,38.84466
2023-02-01 02:47:57,0.453304496,35.43102,38.84544
2023-02-01 02:48:02,0.441111442,35.43102,38.84622
2023-02-01 02:48:07,0.478154866,35.43102,38.847
2023-02-01 02:48:12,0.404142339,35.43103,38.84778
2023-02-01 02:48:17,0.42682,35.43103,38.84856
2023-02-01 02:48:22,0.412906078,35.4379,38.85981
2023-02-01 02:48:27,0.397165323,35.4379,38.8606
2023-02-01 02:48:32,0.380518724,35.4379,38.86138
2023-02-01 02:48:37,0.38856584,35.4379,38.86217
2023-02-01 02:48:42,0.414942025,35.4379,38.86295
2023-02-01 02:48:47,0.36021205,35.43789,38.86374
2023-02-01 02:48:52,0.386293534,35.43789,38.86453
2023-02-01 02:48:57,0.326768665,35.43789,38.86531
2023-02-01 02:49:02,0.287148929,35.43788,38.8661
2023-02-01 02:49:07,0.268123335,35.43788,38.86689
2023-02-01 02:49:12,0.305165736,35.43787,38.86767
2023-02-01 02:49:17,0.229510063,35.43787,38.86846
2023-02-01 02:49:22,0.258309242,35.43786,38.86925
2023-02-01 02:49:27,0.154874921,35.43785,38.87004
2023-02-01 02:49:32,0.219326297,35.43784,38.87083
2023-02-01 02:49:37,0.166795339,35.43783,38.87162
2023-02-01 02:49:42,0.13664311,35.43782,38.87241
2023-02-01 02:49:47,0.117811793,35.43781,38.8732
2023-02-01 02:49:52,0.116402012,35.44466,38.8845
2023-02-01 02:49:57,0.076702256,35.44465,38.88529
2023-02-01 02:50:02,0.0600467,35.44464,38.88609
2023-02-01 02:50:07,0.008139827,35.44462,38.88688
2023-02-01 02:50:12,-0.012511951,35.44461,38.88767
2023-02-01 02:50:17,-0.049625871,35.44459,38.88847
2023-02-01 02:50:22,-0.112138306,35.44458,38.88926
2023-02-01 02:50:27,-0.102046837,35.44456,38.89006
2023-02-01 02:50:32,-0.166483042,35.44454,38.89086
2023-02-01 02:50:37,-0.195221077,35.44452,38.89165
2023-02-01 02:50:42,-0.237853657,35.4445,38.89245
2023-02-01 02:50:47,-0.299787344,35.44448,38.89324
2023-02-01 02:50:52,-0.390658131,35.44446,38.89404
2023-02-01 02:50:57,-0.398590828,35.44444,38.89484
2023-02-01 02:51:02,-0.422610851,35.44442,38.89564
2023-02-01 02:51:07,-0.473990607,35.4444,38.89644
2023-02-01 02:51:12,-0.47846249,35.44437,38.89723
2023-02-01 02:51:17,-0.525487066,35.45121,38.90858
2023-02-01 02:51:22,-0.609417365,35.45118,38.90938
2023-02-01 02:51:27,-0.67924498,35.45116,38.91018
2023-02-01 02:51:32,-0.702997154,35.45113,38.91099
2023-02-01 02:51:37,-0.762455082,35.4511,38.91179
2023-02-01 02:51:42,-0.853847502,35.45108,38.91259
2023-02-01 02:51:47,-0.9052441,35.45105,38.9134
2023-02-01 02:51:52,-0.961287903,35.45102,38.9142
2023-02-01 02:51:57,-1.052048884,35.45099,38.915
2023-02-01 02:52:02,-1.071279265,35.45095,38.91581
2023-02-01 02:52:07,-1.122846219,35.45092,38.91662
2023-02-01 02:52:12,-1.171008575,35.45432,38.92271
2023-02-01 02:52:17,-1.194125728,35.45428,38.92351
2023-02-01 02:52:22,-1.311573743,35.45425,38.92432
2023-02-01 02:52:27,-1.36821347,35.45422,38.92513
2023-02-01 02:52:32,-1.40985475,35.45418,38.92594
2023-02-01 02:52:37,-1.482541532,35.45414,38.92674
2023-02-01 02:52:42,-1.572384088,35.4541,38.92755
2023-02-01 02:52:47,-1.649510224,35.45407,38.92836
2023-02-01 02:52:52,-1.725646303,35.45403,38.92917
2023-02-01 02:52:57,-1.780319363,35.45399,38.92998
2023-02-01 02:53:02,-1.873200135,35.45395,38.93079
2023-02-01 02:53:07,-1.940098267,35.45391,38.9316
2023-02-01 02:53:12,-1.964298351,35.45387,38.93241
2023-02-01 02:53:17,-2.098775141,35.45382,38.93322
2023-02-01 02:53:22,-2.185324287,35.45378,38.93404
2023-02-01 02:53:27,-2.253293658,35.45374,38.93485
2023-02-01 02:53:32,-2.255175574,35.45369,38.93566
2023-02-01 02:53:37,-2.382486837,35.45364,38.93647
2023-02-01 02:53:42,-2.479135364,35.4536,38.93728
2023-02-01 02:53:47,-2.495966216,35.45355,38.9381
2023-02-01 02:53:52,-2.60569174,35.4535,38.93891
2023-02-01 02:53:57,-2.706039699,35.45346,38.93973
2023-02-01 02:54:02,-2.764775613,35.45341,38.94054
2023-02-01 02:54:07,-2.845321693,35.45336,38.94135
2023-02-01 02:54:12,-0.181898485,35.46701,38.96342
2023-02-01 02:54:17,-0.264825409,35.46695,38.96424
2023-02-01 02:54:22,-0.320096397,35.4669,38.96506
2023-02-01 02:54:27,-0.362950936,35.46685,38.96588
2023-02-01 02:54:32,-0.473496114,35.46679,38.9667
2023-02-01 02:54:37,-0.576014656,35.46674,38.96752
2023-02-01 02:54:42,-0.300376674,35.46668,38.96834
2023-02-01 02:54:47,-0.121254108,35.46663,38.96916
2023-02-01 02:54:52,0.058240433,35.46657,38.96999
2023-02-01 02:54:57,0.23710912,35.46651,38.97081
2023-02-01 02:55:02,0.414353767,35.46645,38.97163
2023-02-01 02:55:07,0.58897648,35.46639,38.97246
2023-02-01 02:55:12,0.759979318,35.46633,38.97328
2023-02-01 02:55:17,0.926363948,35.46627,38.9741
2023-02-01 02:55:22,1.087132298,35.46621,38.97493
2023-02-01 02:55:27,1.241285717,35.46615,38.97576
2023-02-01 02:55:32,1.387825732,35.46608,38.97658
2023-02-01 02:55:37,1.525753204,35.46602,38.9774
2023-02-01 02:55:42,1.654069088,35.46596,38.97823
2023-02-01 02:55:47,1.771773691,35.46589,38.97906
2023-02-01 02:55:52,1.877867032,35.46583,38.97988
2023-02-01 02:55:57,1.971348703,35.46576,38.98071
2023-02-01 02:56:02,2.051217833,35.46569,38.98154
2023-02-01 02:56:07,2.407840145,35.46562,38.98237
2023-02-01 02:56:12,2.388683227,35.46555,38.98319
2023-02-01 02:56:17,2.324713093,35.46548,38.98402
2023-02-01 02:56:22,2.218313648,35.46541,38.98485
2023-02-01 02:56:27,2.18327176,35.46534,38.98568
2023-02-01 02:56:32,2.074371726,35.46527,38.98651
2023-02-01 02:56:37,1.989887042,35.46519,38.98734
2023-02-01 02:56:42,1.999182575,35.46512,38.98817
2023-02-01 02:56:47,1.865848439,35.46505,38.989
2023-02-01 02:56:52,1.867483464,35.46497,38.98983
2023-02-01 02:56:57,1.774022577,35.46489,38.99066
2023-02-01 02:57:02,1.650771878,35.47849,39.01289
2023-02-01 02:57:07,1.593123917,35.47842,39.01373
2023-02-01 02:57:12,1.470484177,35.47834,39.01456
2023-02-01 02:57:17,1.452863757,35.47826,39.0154
2023-02-01 02:57:22,1.350617951,35.47818,39.01624
2023-02-01 02:57:27,1.266947839,35.4781,39.01708
2023-02-01 02:57:32,1.234309769,35.47801,39.01792
2023-02-01 02:57:37,1.173755049,35.47793,39.01875
2023-02-01 02:57:42,1.073082633,35.47785,39.01959
2023-02-01 02:57:47,1.047006114,35.47776,39.02043
2023-02-01 02:57:52,0.98367022,35.47768,39.02127
2023-02-01 02:57:57,0.924927302,35.47759,39.02211
2023-02-01 02:58:02,0.902287934,35.47751,39.02295
2023-02-01 02:58:07,0.805538809,35.47742,39.02379
2023-02-01 02:58:12,0.733171736,35.47733,39.02463
2023-02-01 02:58:17,0.705177743,35.47724,39.02547
2023-02-01 02:58:22,0.634608575,35.47715,39.02631
2023-02-01 02:58:27,0.587048999,35.47706,39.02716
2023-02-01 02:58:32,0.545117305,35.47697,39.028
2023-02-01 02:58:37,0.498951815,35.47688,39.02884
2023-02-01 02:58:42,0.441980485,35.47679,39.02968
2023-02-01 02:58:47,0.401709615,35.47669,39.03053
2023-02-01 02:58:52,0.387076857,35.4766,39.03137
2023-02-01 02:58:57,0.281043425,35.47651,39.03221
2023-02-01 02:59:02,0.234738005,35.47641,39.03306
2023-02-01 02:59:07,0.178831166,35.47631,39.0339
2023-02-01 02:59:12,0.188300175,35.47622,39.03474
2023-02-01 02:59:17,0.146572609,35.47612,39.03559
2023-02-01 02:59:22,0.08678907,35.47602,39.03644
2023-02-01 02:59:27,0.0340979,35.47592,39.03728
2023-02-01 02:59:32,-0.024427703,35.47582,39.03813
2023-02-01 02:59:37,-0.026741267,35.47572,39.03897
2023-02-01 02:59:42,-0.084483829,35.47562,39.03982
2023-02-01 02:59:47,-0.105056616,35.47551,39.04067
2023-02-01 02:59:52,-0.143930328,35.47541,39.04151
2023-02-01 02:59:57,-0.145172017,35.48895,39.06392
2023-02-01 03:00:02,-0.107611766,35.48885,39.06477
2023-02-01 03:00:07,-0.178618871,35.48874,39.06563
2023-02-01 03:00:12,-0.211071118,35.48863,39.06648
2023-02-01 03:00:17,-0.204976061,35.48853,39.06733
2023-02-01 03:00:22,-0.299478703,35.48842,39.06819
2023-02-01 03:00:27,-0.265198971,35.48831,39.06904
2023-02-01 03:00:32,-0.298160096,35.4882,39.0699
2023-02-01 03:00:37,-0.313291087,35.48809,39.07075
2023-02-01 03:00:42,-0.321648814,35.48798,39.0716
2023-02-01 03:00:47,-0.344866477,35.48786,39.07246
2023-02-01 03:00:52,-0.37472909,35.48775,39.07332
2023-02-01 03:00:57,-0.422059955,35.48764,39.07417
2023-02-01 03:01:02,-0.409975939,35.48752,39.07503
2023-02-01 03:01:07,-0.411705748,35.48741,39.07588
2023-02-01 03:01:12,-0.50258461,35.48729,39.07674
2023-02-01 03:01:17,-0.520026646,35.48717,39.0776
2023-02-01 03:01:22,-0.44876865,35.48706,39.07846
2023-02-01 03:01:27,-0.474027766,35.48694,39.07932
2023-02-01 03:01:32,-0.484649862,35.48682,39.08017
2023-02-01 03:01:37,-0.461141914,35.4867,39.08103
2023-02-01 03:01:42,-0.491890077,35.48658,39.08189
2023-02-01 03:01:47,-0.514391968,35.48646,39.08275
2023-02-01 03:01:52,-0.451808639,35.48633,39.08361
2023-02-01 03:01:57,-0.520852862,35.48621,39.08447
2023-02-01 03:02:02,-0.510484003,35.48609,39.08533
2023-02-01 03:02:07,-0.527186903,35.48596,39.08619
2023-02-01 03:02:12,-0.588950358,35.48584,39.08705
2023-02-01 03:02:17,-0.573119399,35.48571,39.08791
2023-02-01 03:02:22,-0.605561971,35.48558,39.08877
2023-02-01 03:02:27,-0.603799417,35.48545,39.08964
2023-02-01 03:02:32,-0.602867557,35.48533,39.0905
2023-02-01 03:02:37,-0.589856972,35.48519,39.09136
2023-02-01 03:02:42,-0.600743783,35.48506,39.09222
2023-02-01 03:02:47,-0.593004338,35.49855,39.1148
2023-02-01 03:02:52,-0.542447794,35.49842,39.11567
2023-02-01 03:02:57,-0.576298801,35.49828,39.11654
2023-02-01 03:03:02,-0.573084087,35.49815,39.1174
2023-02-01 03:03:07,-0.569078643,35.49801,39.11827
2023-02-01 03:03:12,-0.564301709,35.49788,39.11914
2023-02-01 03:03:17,-0.558772162,35.49774,39.12001
2023-02-01 03:03:22,-0.552509099,35.4976,39.12088
2023-02-01 03:03:27,-0.545531329,35.49747,39.12175
2023-02-01 03:03:32,-0.53785766,35.49733,39.12262
2023-02-01 03:03:37,-0.529506687,35.49719,39.12349
2023-02-01 03:03:42,-0.520496984,35.49705,39.12436
2023-02-01 03:03:47,-0.510846989,35.49691,39.12524
2023-02-01 03:03:52,-0.500574901,35.49677,39.12611
2023-02-01 03:03:57,-0.489698968,35.49662,39.12698
2023-02-01 03:04:02,-0.47823698,35.49648,39.12785
2023-02-01 03:04:07,-0.466206761,35.49634,39.12872
2023-02-01 03:04:12,-0.471567762,35.49619,39.1296
2023-02-01 03:04:17,-0.446556757,35.49604,39.13047
2023-02-01 03:04:22,-0.444356534,35.4959,39.13134
2023-02-01 03:04:27,-0.393532793,35.49575,39.13222
2023-02-01 03:04:32,-0.380825842,35.4956,39.13309
2023-02-01 03:04:37,-0.437038889,35.49545,39.13397
2023-02-01 03:04:42,-0.365466344,35.4953,39.13484
2023-02-01 03:04:47,-0.342159211,35.49515,39.13572
2023-02-01 03:04:52,-0.300382792,35.495,39.13659
2023-02-01 03:04:57,-0.331577179,35.49485,39.13747
2023-02-01 03:05:02,-0.278755856,35.4947,39.13834
2023-02-01 03:05:07,-0.2418193,35.49454,39.13922
2023-02-01 03:05:12,-0.260030676,35.49439,39.1401
2023-02-01 03:05:17,-0.214477243,35.49424,39.14097
2023-02-01 03:05:22,-0.235613148,35.49408,39.14185
2023-02-01 03:05:27,-0.194889334,35.49392,39.14273
2023-02-01 03:05:32,-0.222524236,35.49377,39.1436
2023-02-01 03:05:37,-0.196784585,35.50718,39.16635
2023-02-01 03:05:42,-0.196181611,35.50702,39.16724
2023-02-01 03:05:47,-0.164319745,35.50686,39.16812
2023-02-01 03:05:52,-0.158792521,35.5067,39.169
2023-02-01 03:05:57,-0.097350478,35.50654,39.16989
2023-02-01 03:06:02,-0.129013267,35.50637,39.17077
2023-02-01 03:06:07,-0.029808653,35.50621,39.17166
2023-02-01 03:06:12,-0.054048718,35.50605,39.17254
2023-02-01 03:06:17,-0.032522464,35.50588,39.17342
2023-02-01 03:06:22,-0.001669923,35.50571,39.17431
2023-02-01 03:06:27,0.025102447,35.50555,39.1752
2023-02-01 03:06:32,0.056950849,35.50538,39.17608
2023-02-01 03:06:37,0.11266825,35.50521,39.17697
2023-02-01 03:06:42,0.142418768,35.50504,39.17785
2023-02-01 03:06:47,0.102477675,35.50487,39.17874
2023-02-01 03:06:52,0.173103288,35.5047,39.17963
2023-02-01 03:06:57,0.190470964,35.50453,39.18052
2023-02-01 03:07:02,0.222495595,35.50436,39.1814
2023-02-01 03:07:07,0.203124905,35.50418,39.18229
2023-02-01 03:07:12,0.237878442,35.50401,39.18318
2023-02-01 03:07:17,0.238846779,35.50384,39.18407
2023-02-01 03:07:22,0.3162504,35.50366,39.18496
2023-02-01 03:07:27,0.333763505,35.50348,39.18584
2023-02-01 03:07:32,0.339794598,35.50331,39.18674
2023-02-01 03:07:37,0.368649287,35.50313,39.18762
2023-02-01 03:07:42,0.389061078,35.50295,39.18851
2023-02-01 03:07:47,0.420294172,35.50277,39.1894
2023-02-01 03:07:52,0.40593396,35.50259,39.1903
2023-02-01 03:07:57,0.471243119,35.50241,39.19119
2023-02-01 03:08:02,0.423725411,35.50223,39.19208
2023-02-01 03:08:07,0.471138777,35.50205,39.19297
2023-02-01 03:08:12,0.501366835,35.50186,39.19386
2023-02-01 03:08:17,0.532734678,35.50168,39.19475
2023-02-01 03:08:22,0.506242373,35.50149,39.19564
2023-02-01 03:08:27,0.559374853,35.51484,39.21856
2023-02-01 03:08:32,0.549462222,35.51465,39.21946
2023-02-01 03:08:37,0.564633251,35.51446,39.22036
2023-02-01 03:08:42,0.649771474,35.51427,39.22126
2023-02-01 03:08:47,0.633298593,35.51408,39.22216
2023-02-01 03:08:52,0.703231071,35.51389,39.22306
2023-02-01 03:08:57,0.697156737,35.5137,39.22395
2023-02-01 03:09:02,0.892138781,35.51351,39.22485
2023-02-01 03:09:07,0.77072476,35.51331,39.22575
2023-02-01 03:09:12,0.776084296,35.51312,39.22665
2023-02-01 03:09:17,0.844077576,35.51293,39.22755
2023-02-01 03:09:22,0.838616053,35.51273,39.22845
2023-02-01 03:09:27,0.830671953,35.51253,39.22935
2023-02-01 03:09:32,0.855023469,35.51234,39.23025
2023-02-01 03:09:37,0.852436571,35.51214,39.23116
2023-02-01 03:09:42,0.857924603,35.51194,39.23206
2023-02-01 03:09:47,0.886523188,35.51174,39.23296
2023-02-01 03:09:52,0.917308532,35.51154,39.23386
2023-02-01 03:09:57,0.924891725,35.51134,39.23476
2023-02-01 03:10:02,0.934179547,35.51114,39.23566
2023-02-01 03:10:07,0.92847957,35.51094,39.23657
2023-02-01 03:10:12,-0.753482937,35.51073,39.23747
2023-02-01 03:10:17,-0.696104604,35.51053,39.23837
2023-02-01 03:10:22,-0.664072458,35.51032,39.23928
2023-02-01 03:10:27,-0.612971415,35.51012,39.24018
2023-02-01 03:10:32,-0.657031077,35.50991,39.24108
2023-02-01 03:10:37,-0.61363873,35.5097,39.24199
2023-02-01 03:10:42,-0.556833837,35.5095,39.24289
2023-02-01 03:10:47,-0.558070033,35.50929,39.2438
2023-02-01 03:10:52,-0.551544122,35.50908,39.2447
2023-02-01 03:10:57,-0.577215475,35.50886,39.24561
2023-02-01 03:11:02,-0.41799932,35.50865,39.24652
2023-02-01 03:11:07,-0.563703742,35.50844,39.24742
2023-02-01 03:11:12,-0.505256579,35.50823,39.24833
2023-02-01 03:11:17,-0.529320415,35.5215,39.27142
2023-02-01 03:11:22,-0.48171998,35.52128,39.27233
2023-02-01 03:11:27,-0.450124743,35.52106,39.27325
2023-02-01 03:11:32,-0.42372731,35.52085,39.27416
2023-02-01 03:11:37,-0.421098221,35.52063,39.27507
2023-02-01 03:11:42,-0.371261846,35.52041,39.27598
2023-02-01 03:11:47,-0.351075881,35.52019,39.2769
2023-02-01 03:11:52,-0.343386248,35.51997,39.27781
2023-02-01 03:11:57,-0.337149191,35.51975,39.27872
2023-02-01 03:12:02,-0.321086072,35.51953,39.27964
2023-02-01 03:12:07,-0.33656407,35.51931,39.28055
2023-02-01 03:12:12,-0.290749181,35.51908,39.28146
2023-02-01 03:12:17,-0.251096513,35.51886,39.28238
2023-02-01 03:12:22,-0.260383487,35.51863,39.28329
2023-02-01 03:12:27,-0.261499333,35.5184,39.28421
2023-02-01 03:12:32,-0.231412792,35.51818,39.28512
2023-02-01 03:12:37,-0.236403513,35.51795,39.28604
2023-02-01 03:12:42,-0.203613153,35.51772,39.28695
2023-02-01 03:12:47,-0.257843379,35.51749,39.28787
2023-02-01 03:12:52,-0.240214862,35.51726,39.28878
2023-02-01 03:12:57,-0.162714583,35.51703,39.2897
2023-02-01 03:13:02,-0.178112231,35.5168,39.29062
2023-02-01 03:13:07,-0.190515604,35.51657,39.29154
2023-02-01 03:13:12,-0.164435207,35.51634,39.29245
2023-02-01 03:13:17,-0.197408059,35.5161,39.29337
2023-02-01 03:13:22,-0.142775187,35.51587,39.29429
2023-02-01 03:13:27,-0.089612334,35.51563,39.29521
2023-02-01 03:13:32,-0.096910856,35.51539,39.29612
2023-02-01 03:13:37,-0.095100927,35.51516,39.29704
2023-02-01 03:13:42,-0.069139739,35.51492,39.29796
2023-02-01 03:13:47,-0.114212704,35.51468,39.29888
2023-02-01 03:13:52,-0.080604159,35.51444,39.2998
2023-02-01 03:13:57,-0.055743868,35.5142,39.30072
2023-02-01 03:14:02,-0.08186222,35.51396,39.30164
2023-02-01 03:14:07,-0.087491441,35.52715,39.32491
2023-02-01 03:14:12,-0.074996188,35.5269,39.32583
2023-02-01 03:14:17,-0.067479959,35.52666,39.32676
2023-02-01 03:14:22,-0.074106193,35.52641,39.32768
2023-02-01 03:14:27,-0.045281076,35.52616,39.32861
2023-02-01 03:14:32,-0.078303742,35.52592,39.32953
2023-02-01 03:14:37,-0.022517679,35.52567,39.33046
2023-02-01 03:14:42,0.000805667,35.52542,39.33139
2023-02-01 03:14:47,-0.064032811,35.52517,39.33231
2023-02-01 03:14:52,0.000137511,35.52492,39.33324
2023-02-01 03:14:57,0.026684491,35.52467,39.33417
2023-02-01 03:15:02,0.004621707,35.52442,39.3351
2023-02-01 03:15:07,0.033436162,35.52416,39.33602
2023-02-01 03:15:12,0.014118769,35.52391,39.33695
2023-02-01 03:15:17,0.069772556,35.52366,39.33788
2023-02-01 03:15:22,0.019428855,35.5234,39.33881
2023-02-01 03:15:27,0.001054197,35.52314,39.33974
2023-02-01 03:15:32,0.064244112,35.52289,39.34066
2023-02-01 03:15:37,0.027325417,35.52263,39.34159
2023-02-01 03:15:42,0.010872617,35.52237,39.34252
2023-02-01 03:15:47,0.024056296,35.52211,39.34345
2023-02-01 03:15:52,0.025046112,35.52185,39.34438
2023-02-01 03:15:57,0.078244695,35.52159,39.34531
2023-02-01 03:16:02,0.053685638,35.52133,39.34624
2023-02-01 03:16:07,0.041155092,35.52106,39.34717
2023-02-01 03:16:12,0.070976664,35.5208,39.3481
2023-02-01 03:16:17,0.062775209,35.52054,39.34904
2023-02-01 03:16:22,0.076018323,35.52027,39.34997
2023-02-01 03:16:27,0.060414643,35.52001,39.3509
2023-02-01 03:16:32,0.036886837,35.51974,39.35183
2023-02-01 03:16:37,0.0580865,35.51947,39.35276
2023-02-01 03:16:42,0.083828951,35.5192,39.35369
2023-02-01 03:16:47,0.034679324,35.51893,39.35463
2023-02-01 03:16:52,0.049075067,35.53204,39.37807
2023-02-01 03:16:57,0.044055733,35.53176,39.379
2023-02-01 03:17:02,0.054881276,35.53149,39.37994
2023-02-01 03:17:07,0.05264795,35.53122,39.38088
2023-02-01 03:17:12,0.068854897,35.53094,39.38182
2023-02-01 03:17:17,0.074363649,35.53067,39.38276
2023-02-01 03:17:22,0.077640319,35.53039,39.3837
2023-02-01 03:17:27,0.027688697,35.53012,39.38464
2023-02-01 03:17:32,0.062711045,35.52984,39.38558
2023-02-01 03:17:37,0.110558396,35.52956,39.38651
2023-02-01 03:17:42,0.026692744,35.52928,39.38745
2023-02-01 03:17:47,0.044503044,35.529,39.38839
2023-02-01 03:17:52,0.032848005,35.52872,39.38933
2023-02-01 03:17:57,0.063886488,35.52844,39.39028
2023-02-01 03:18:02,0.053717799,35.52815,39.39122
2023-02-01 03:18:07,0.02678969,35.52787,39.39216
2023-02-01 03:18:12,0.088321948,35.52758,39.3931
2023-02-01 03:18:17,0.060793198,35.5273,39.39404
2023-02-01 03:18:22,0.124162197,35.52701,39.39498
2023-02-01 03:18:27,0.026717228,35.52673,39.39592
2023-02-01 03:18:32,0.0871624,35.52644,39.39686
2023-02-01 03:18:37,0.050965343,35.52615,39.39781
2023-02-01 03:18:42,0.072779407,35.52586,39.39875
2023-02-01 03:18:47,0.127460854,35.52557,39.39969
2023-02-01 03:18:52,0.046967661,35.52528,39.40064
2023-02-01 03:18:57,0.122505315,35.52499,39.40158
2023-02-01 03:19:02,0.084207308,35.5247,39.40252
2023-02-01 03:19:07,0.102173239,35.5244,39.40346
2023-02-01 03:19:12,0.118890209,35.52411,39.40441
2023-02-01 03:19:17,0.137238517,35.52382,39.40535
2023-02-01 03:19:22,0.043232564,35.52352,39.4063
2023-02-01 03:19:27,0.097758444,35.52322,39.40724
2023-02-01 03:19:32,0.075661047,35.52293,39.40819
2023-02-01 03:19:37,0.086232358,35.52263,39.40913
2023-02-01 03:19:42,0.076828849,35.53564,39.43274
2023-02-01 03:19:47,0.023245486,35.53534,39.4337
2023-02-01 03:19:52,0.101522125,35.53504,39.43465
2023-02-01 03:19:57,0.066995806,35.53473,39.4356
2023-02-01 03:20:02,0.032248461,35.53443,39.43655
2023-02-01 03:20:07,0.090354005,35.53413,39.4375
2023-02-01 03:20:12,0.067393341,35.53382,39.43845
2023-02-01 03:20:17,0.093104659,35.53351,39.4394
2023-02-01 03:20:22,0.127300432,35.53321,39.44035
2023-02-01 03:20:27,0.056698419,35.5329,39.4413
2023-02-01 03:20:32,0.034304565,35.53259,39.44226
2023-02-01 03:20:37,0.104541501,35.53228,39.44321
2023-02-01 03:20:42,0.013814042,35.53197,39.44416
2023-02-01 03:20:47,0.098685992,35.53166,39.44511
2023-02-01 03:20:52,0.073833039,35.53135,39.44607
2023-02-01 03:20:57,0.026687562,35.53104,39.44702
2023-02-01 03:21:02,0.046797124,35.53072,39.44797
2023-02-01 03:21:07,0.058483181,35.53041,39.44893
2023-02-01 03:21:12,0.068327879,35.53009,39.44988
2023-02-01 03:21:17,0.064110455,35.52978,39.45084
2023-02-01 03:21:22,0.031730138,35.52946,39.45179
2023-02-01 03:21:27,0.087056853,35.52914,39.45274
2023-02-01 03:21:32,0.104350622,35.52882,39.4537
2023-02-01 03:21:37,0.098418963,35.5285,39.45465
2023-02-01 03:21:42,0.062916293,35.52818,39.45561
2023-02-01 03:21:47,0.032627534,35.52786,39.45656
2023-02-01 03:21:52,0.044922306,35.52754,39.45752
2023-02-01 03:21:57,0.063606341,35.52722,39.45847
2023-02-01 03:22:02,0.008064673,35.5269,39.45943
2023-02-01 03:22:07,0.027070549,35.52657,39.46038
2023-02-01 03:22:12,0.060691828,35.52625,39.46134
2023-02-01 03:22:17,0.035598684,35.52592,39.4623
2023-02-01 03:22:22,0.035226307,35.52559,39.46325
2023-02-01 03:22:27,0.06004471,35.52527,39.46421
2023-02-01 03:22:32,0.032023224,35.53818,39.488
2023-02-01 03:22:37,0.05527951,35.53785,39.48896
2023-02-01 03:22:42,-0.014964945,35.53752,39.48993
2023-02-01 03:22:47,0.019418476,35.53719,39.49089
2023-02-01 03:22:52,-0.005385974,35.53685,39.49185
2023-02-01 03:22:57,0.016148693,35.53652,39.49281
2023-02-01 03:23:02,-0.028086994,35.53618,39.49378
2023-02-01 03:23:07,0.020315437,35.53585,39.49474
2023-02-01 03:23:12,-0.001285099,35.53551,39.4957
2023-02-01 03:23:17,0.004882567,35.53517,39.49667
2023-02-01 03:23:22,0.00168265,35.53484,39.49763
2023-02-01 03:23:27,-0.040264575,35.5345,39.4986
2023-02-01 03:23:32,-0.013551977,35.53416,39.49956
2023-02-01 03:23:37,-0.039455764,35.53382,39.50052
2023-02-01 03:23:42,-0.071911579,35.53348,39.50149
2023-02-01 03:23:47,0.001423502,35.53313,39.50245
2023-02-01 03:23:52,-0.069993326,35.53279,39.50342
2023-02-01 03:23:57,-0.028100994,35.53245,39.50438
2023-02-01 03:24:02,-0.001932058,35.5321,39.50535
2023-02-01 03:24:07,-0.029562492,35.53176,39.50631
2023-02-01 03:24:12,-0.074564388,35.53141,39.50728
2023-02-01 03:24:17,-0.045512553,35.53106,39.50824
2023-02-01 03:24:22,-0.046761506,35.53071,39.50921
2023-02-01 03:24:27,-0.071026772,35.53037,39.51018
2023-02-01 03:24:32,-0.090576284,35.53002,39.51114
2023-02-01 03:24:37,-0.075092576,35.52966,39.51211
2023-02-01 03:24:42,-0.066647585,35.52931,39.51308
2023-02-01 03:24:47,-0.075583841,35.52896,39.51404
2023-02-01 03:24:52,-0.076754872,35.52861,39.51501
2023-02-01 03:24:57,-0.090844398,35.52826,39.51598
2023-02-01 03:25:02,-0.126080029,35.5279,39.51694
2023-02-01 03:25:07,-0.124410759,35.52755,39.51791
2023-02-01 03:25:12,-0.091243772,35.52719,39.51888
2023-02-01 03:25:17,-0.077581731,35.52683,39.51985
2023-02-01 03:25:22,-0.102463481,35.53964,39.54382
2023-02-01 03:25:27,-0.048845546,35.53928,39.54479
2023-02-01 03:25:32,-0.078899625,35.53892,39.54576
2023-02-01 03:25:37,-0.064300993,35.53856,39.54674
2023-02-01 03:25:42,-0.046650996,35.5382,39.54771
2023-02-01 03:25:47,-0.072016553,35.53783,39.54868
2023-02-01 03:25:52,-0.04403685,35.53747,39.54966
2023-02-01 03:25:57,-0.089864043,35.5371,39.55063
2023-02-01 03:26:02,-0.085623051,35.53674,39.55161
2023-02-01 03:26:07,-0.102575762,35.53637,39.55258
2023-02-01 03:26:12,-0.088499825,35.536,39.55356
2023-02-01 03:26:17,-0.097468551,35.53563,39.55453
2023-02-01 03:26:22,-0.117261513,35.53526,39.55551
2023-02-01 03:26:27,-0.092882745,35.53489,39.55648
2023-02-01 03:26:32,-0.12563074,35.53452,39.55746
2023-02-01 03:26:37,-0.100107047,35.53415,39.55844
2023-02-01 03:26:42,-0.071309178,35.53378,39.55941
2023-02-01 03:26:47,-0.033127296,35.5334,39.56039
2023-02-01 03:26:52,-0.081219027,35.53303,39.56136
2023-02-01 03:26:57,-0.079032748,35.53265,39.56234
2023-02-01 03:27:02,-0.065183295,35.53228,39.56332
2023-02-01 03:27:07,-0.054271058,35.5319,39.56429
2023-02-01 03:27:12,-0.047443384,35.53152,39.56527
2023-02-01 03:27:17,-0.023244375,35.53114,39.56625
2023-02-01 03:27:22,-0.041136787,35.53076,39.56722
2023-02-01 03:27:27,-0.041658733,35.53038,39.5682
2023-02-01 03:27:32,-0.017289482,35.53,39.56918
2023-02-01 03:27:37,-0.045589358,35.52962,39.57016
2023-02-01 03:27:42,-0.025730642,35.52924,39.57113
2023-02-01 03:27:47,-0.006834871,35.52885,39.57211
2023-02-01 03:27:52,-0.02932724,35.52847,39.57309
2023-02-01 03:27:57,-0.0179988,35.52808,39.57407
2023-02-01 03:28:02,-0.013744364,35.5277,39.57505
2023-02-01 03:28:07,-0.0099835,35.52731,39.57603
2023-02-01 03:28:12,-0.023403038,35.54002,39.60017
2023-02-01 03:28:17,-0.014283168,35.53962,39.60115
2023-02-01 03:28:22,-0.022108841,35.53923,39.60214
2023-02-01 03:28:27,-0.050405372,35.53884,39.60312
2023-02-01 03:28:32,0.005415662,35.53845,39.60411
2023-02-01 03:28:37,-0.03303318,35.53805,39.60509
2023-02-01 03:28:42,0.013575794,35.53766,39.60608
2023-02-01 03:28:47,0.052876512,35.53726,39.60706
2023-02-01 03:28:52,0.027286633,35.53687,39.60805
2023-02-01 03:28:57,0.046565245,35.53647,39.60903
2023-02-01 03:29:02,0.027512571,35.53607,39.61002
2023-02-01 03:29:07,0.037582257,35.53567,39.611
2023-02-01 03:29:12,0.043870382,35.53527,39.61199
2023-02-01 03:29:17,0.054133547,35.53487,39.61298
2023-02-01 03:29:22,0.058735779,35.53447,39.61396
2023-02-01 03:29:27,0.017252529,35.53407,39.61495
2023-02-01 03:29:32,0.003718671,35.53367,39.61593
2023-02-01 03:29:37,0.001212498,35.53326,39.61692
2023-02-01 03:29:42,0.016550323,35.53286,39.61791
2023-02-01 03:29:47,-0.009024723,35.53245,39.61889
2023-02-01 03:29:52,-0.002887892,35.53204,39.61988
2023-02-01 03:29:57,0.019684479,35.53164,39.62087
2023-02-01 03:30:02,0.026063565,35.53123,39.62185
2023-02-01 03:30:07,0.050915157,35.53082,39.62284
2023-02-01 03:30:12,0.017974354,35.53041,39.62383
2023-02-01 03:30:17,0.021448964,35.53,39.62482
2023-02-01 03:30:22,0.005637605,35.52959,39.6258
2023-02-01 03:30:27,0.056796701,35.52918,39.62679
2023-02-01 03:30:32,-0.003225419,35.52876,39.62778
2023-02-01 03:30:37,-0.034115722,35.52835,39.62877
2023-02-01 03:30:42,0.040276326,35.52794,39.62976
2023-02-01 03:30:47,0.013595163,35.52752,39.63074
2023-02-01 03:30:52,0.038140823,35.5271,39.63173
2023-02-01 03:30:57,-0.030864558,35.52669,39.63272
2023-02-01 03:31:02,0.05547595,35.53928,39.65704
2023-02-01 03:31:07,0.034400375,35.53886,39.65804
2023-02-01 03:31:12,0.033294738,35.53844,39.65903
2023-02-01 03:31:17,0.019491153,35.53801,39.66003
2023-02-01 03:31:22,0.068669227,35.53759,39.66102
2023-02-01 03:31:27,0.030645956,35.53717,39.66201
2023-02-01 03:31:32,0.016355828,35.53674,39.66301
2023-02-01 03:31:37,0.015458116,35.53632,39.66401
2023-02-01 03:31:42,0.023017684,35.53589,39.665
2023-02-01 03:31:47,0.033394479,35.53546,39.666
2023-02-01 03:31:52,0.023321134,35.53503,39.66699
2023-02-01 03:31:57,0.081874167,35.5346,39.66799
2023-02-01 03:32:02,0.042888477,35.53417,39.66898
2023-02-01 03:32:07,0.012127547,35.53374,39.66998
2023-02-01 03:32:12,0.026961639,35.53331,39.67097
2023-02-01 03:32:17,0.008891497,35.53288,39.67197
2023-02-01 03:32:22,-0.014819256,35.53244,39.67296
2023-02-01 03:32:27,0.03362448,35.53201,39.67396
2023-02-01 03:32:32,0.010620484,35.53157,39.67496
2023-02-01 03:32:37,0.032273412,35.53114,39.67595
2023-02-01 03:32:42,0.005746796,35.5307,39.67695
2023-02-01 03:32:47,-0.056267256,35.53026,39.67795
2023-02-01 03:32:52,0.029554536,35.52982,39.67894
2023-02-01 03:32:57,-2.0669e-05,35.52938,39.67994
2023-02-01 03:33:02,0.014939159,35.52894,39.68094
2023-02-01 03:33:07,0.033673822,35.5285,39.68194
2023-02-01 03:33:12,0.028315599,35.52806,39.68293
2023-02-01 03:33:17,0.016849637,35.52762,39.68393
2023-02-01 03:33:22,0.063674357,35.52718,39.68493
2023-02-01 03:33:27,0.010850152,35.52673,39.68593
2023-02-01 03:33:32,0.047340685,35.52628,39.68692
2023-02-01 03:33:37,0.036358792,35.52584,39.68792
2023-02-01 03:33:42,0.036896977,35.52539,39.68892
2023-02-01 03:33:47,0.024512117,35.52494,39.68992
2023-02-01 03:33:52,-0.000326041,35.53742,39.71441
2023-02-01 03:33:57,0.00985892,35.53697,39.71542
2023-02-01 03:34:02,0.036263987,35.53652,39.71642
2023-02-01 03:34:07,-0.004546081,35.53606,39.71742
2023-02-01 03:34:12,0.011994043,35.53561,39.71843
2023-02-01 03:34:17,-0.007187641,35.53515,39.71943
2023-02-01 03:34:22,0.003247036,35.5347,39.72044
2023-02-01 03:34:27,0.012979015,35.53424,39.72144
2023-02-01 03:34:32,0.006025905,35.53378,39.72245
2023-02-01 03:34:37,0.00988579,35.53332,39.72345
2023-02-01 03:34:42,0.012336623,35.53286,39.72446
2023-02-01 03:34:47,0.023014629,35.5324,39.72546
2023-02-01 03:34:52,0.035573507,35.53194,39.72646
2023-02-01 03:34:57,-0.001928775,35.53148,39.72747
2023-02-01 03:35:02,0.013450228,35.53102,39.72847
2023-02-01 03:35:07,0.002740131,35.53056,39.72948
2023-02-01 03:35:12,-0.021602774,35.53009,39.73048
2023-02-01 03:35:17,-0.020799625,35.52963,39.73149
2023-02-01 03:35:22,0.039228619,35.52916,39.7325
2023-02-01 03:35:27,-0.006509426,35.52869,39.7335
2023-02-01 03:35:32,0.02084323,35.52823,39.73451
2023-02-01 03:35:37,0.010586856,35.52776,39.73551
2023-02-01 03:35:42,0.019597998,35.52729,39.73652
2023-02-01 03:35:47,-0.02592322,35.52682,39.73752
2023-02-01 03:35:52,-0.027030095,35.52635,39.73853
2023-02-01 03:35:57,0.033433656,35.52588,39.73954
2023-02-01 03:36:02,-0.000121902,35.5254,39.74054
2023-02-01 03:36:07,0.014729975,35.52493,39.74155
2023-02-01 03:36:12,0.014060716,35.52446,39.74256
2023-02-01 03:36:17,0.049340931,35.52398,39.74356
2023-02-01 03:36:22,0.015041616,35.5235,39.74457
2023-02-01 03:36:27,0.015750152,35.52303,39.74558
2023-02-01 03:36:32,0.000934005,35.52255,39.74658
2023-02-01 03:36:37,0.008902529,35.52207,39.74759
2023-02-01 03:36:42,0.015211768,35.53442,39.77226
2023-02-01 03:36:47,0.008579251,35.53394,39.77328
2023-02-01 03:36:52,0.021908203,35.53346,39.77429
2023-02-01 03:36:57,0.024879035,35.53297,39.7753
2023-02-01 03:37:02,0.063321654,35.53249,39.77631
2023-02-01 03:37:07,0.027006459,35.532,39.77732
2023-02-01 03:37:12,0.036972447,35.53152,39.77834
2023-02-01 03:37:17,0.011193406,35.53103,39.77935
2023-02-01 03:37:22,0.022057726,35.53054,39.78036
2023-02-01 03:37:27,0.032899892,35.53005,39.78138
2023-02-01 03:37:32,0.011284591,35.52956,39.78239
2023-02-01 03:37:37,0.008917709,35.52907,39.7834
2023-02-01 03:37:42,-0.019092264,35.52858,39.78442
2023-02-01 03:37:47,0.014919463,35.52808,39.78543
2023-02-01 03:37:52,0.008479589,35.52759,39.78644
2023-02-01 03:37:57,0.010237715,35.5271,39.78746
2023-02-01 03:38:02,0.016433051,35.5266,39.78847
2023-02-01 03:38:07,0.018368216,35.5261,39.78948
2023-02-01 03:38:12,-0.005815064,35.52561,39.7905
2023-02-01 03:38:17,0.029432851,35.52511,39.79151
2023-02-01 03:38:22,0.022813412,35.52461,39.79253
2023-02-01 03:38:27,-0.000291019,35.52411,39.79354
2023-02-01 03:38:32,0.005479638,35.52361,39.79456
2023-02-01 03:38:37,-0.008291823,35.52311,39.79557
2023-02-01 03:38:42,0.03971421,35.52261,39.79658
2023-02-01 03:38:47,0.014590164,35.52211,39.7976
2023-02-01 03:38:52,0.01951269,35.5216,39.79861
2023-02-01 03:38:57,-0.001455243,35.5211,39.79963
2023-02-01 03:39:02,-0.002436344,35.52059,39.80064
2023-02-01 03:39:07,-0.003442899,35.52008,39.80166
2023-02-01 03:39:12,-0.01359037,35.51958,39.80267
2023-02-01 03:39:17,-0.002751494,35.51907,39.80369
2023-02-01 03:39:22,-0.050005781,35.51856,39.8047
2023-02-01 03:39:27,-0.000234416,35.51805,39.80572
