Time,dTEC,forecast,upper_MSE,ipplat,ipplon,Error_count,Error_RM,dTEC_x,upper_MSE_x,ipplat_x,ipplon_x,forecast_x,dTEC_y,upper_MSE_y,ipplat_y,ipplon_y,forecast_y,phaseRA_NICOgrp8,anomaly,ipp_dist
2023-02-06 10:30:02,-0.112164781,-0.03246329,,36.87639,36.36658,0,,-0.112164781,,36.87639,36.36658,-0.03246329,-0.11299638,,36.83107,37.80812,0.003606535,,,128.3584158800109
2023-02-06 10:30:07,-0.080231553,-0.044848904,,36.87879,36.36709,0,,-0.080231553,,36.87879,36.36709,-0.044848904,-0.01874466,,36.83384,37.80759,-0.0118534705,,,128.26001518990648
2023-02-06 10:30:12,-0.053649985,-0.048780255,,36.88119,36.3676,0,,-0.053649985,,36.88119,36.3676,-0.048780255,0.003591426,,36.83662,37.80707,-0.007849979,,,128.16246898170897
2023-02-06 10:30:17,-0.117699516,-0.0487412,,36.88359,36.36812,0,,-0.117699516,,36.88359,36.36812,-0.0487412,-0.006972547,,36.83939,37.80654,-0.0071659284,,,128.06321336494813
2023-02-06 10:30:22,-0.054230577,-0.063627,,36.88599,36.36863,0,,-0.054230577,,36.88599,36.36863,-0.063627,-0.076524073,,36.84217,37.80602,-0.007788286,,,127.96570190840319
2023-02-06 10:30:27,-0.133925596,-0.058198698,,36.88838,36.36914,0,,-0.133925596,,36.88838,36.36914,-0.058198698,0.024325283,,36.84494,37.80549,-0.015933333,,,127.8673357940441
2023-02-06 10:30:32,-0.075631,-0.07674554,,36.89078,36.36966,0,,-0.075631,,36.89078,36.36966,-0.07674554,-0.064724118,,36.84771,37.80497,-0.0077361413,,,127.76902061164931
2023-02-06 10:30:37,-0.064096225,-0.071772136,,36.89948,36.38137,0,,-0.064096225,,36.89948,36.38137,-0.071772136,0.069040009,,36.85048,37.80444,-0.016118485,,,126.69813661578634
2023-02-06 10:30:42,-0.053067714,-0.06863331,,36.90188,36.38189,0,,-0.053067714,,36.90188,36.38189,-0.06863331,-0.072879125,,36.85876,37.81914,-0.0023105238,,,127.92315442252685
2023-02-06 10:30:47,-0.007235927,-0.063404225,,36.90428,36.38241,0,,-0.007235927,,36.90428,36.38241,-0.063404225,-0.076595391,,36.86154,37.81861,-0.014317041,,,127.82392427990116
2023-02-06 10:30:52,-0.0127603409999999,-0.047800083,,36.90668,36.38294,0,,-0.0127603409999999,,36.90668,36.38294,-0.047800083,0.017701262,,36.86432,37.81809,-0.017331704,,,127.72471185389404
2023-02-06 10:30:57,-0.02381246,-0.038531937,,36.90908,36.38346,0,,-0.02381246,,36.90908,36.38346,-0.038531937,-0.064973197,,36.8671,37.81757,-0.009986884,,,127.62640589962413
2023-02-06 10:31:02,-0.033098815,-0.033051617,,36.91148,36.38398,0,,-0.033098815,,36.91148,36.38398,-0.033051617,-0.062561882,,36.86988,37.81705,-0.017969659,,,127.52811767738258
2023-02-06 10:31:07,-0.033930972,-0.02987321,,36.91387,36.38451,0,,-0.033930972,,36.91387,36.38451,-0.02987321,0.045149007,,36.87265,37.81652,-0.020083172,,,127.42808651504275
2023-02-06 10:31:12,-0.019318535,-0.027177796,,36.91627,36.38503,0,,-0.019318535,,36.91627,36.38503,-0.027177796,0.074130184,,36.87543,37.816,-0.009453487,,,127.32983387048391
2023-02-06 10:31:17,0.017577851,-0.022624172,,36.91866,36.38556,0,,0.017577851,,36.91866,36.38556,-0.022624172,-0.041426722,,36.87821,37.81548,0.0004796316,,,127.23067941111574
2023-02-06 10:31:22,0.000278489,-0.012744351,,36.92106,36.38609,0,,0.000278489,,36.92106,36.38609,-0.012744351,0.031143828,,36.88098,37.81496,-0.0080210995,,,127.13162144757898
2023-02-06 10:31:27,-0.0095213659999999,-0.008893336,,36.92345,36.38662,0,,-0.0095213659999999,,36.92345,36.38662,-0.008893336,0.042411281,,36.88376,37.81444,0.0011103953,,,127.03250344356124
2023-02-06 10:31:32,-0.00974652,-0.0068791285,,36.93224,36.39837,0,,-0.00974652,,36.93224,36.39837,-0.0068791285,0.064827997,,36.88653,37.81393,0.0057143616,,,125.95878242570242
2023-02-06 10:31:37,0.000501162,-0.005010362,,36.93464,36.39891,0,,0.000501162,,36.93464,36.39891,-0.005010362,0.001932242,,36.8893,37.81341,0.0125803035,0.8323239860682483,0.000501162,125.85870430359819
2023-02-06 10:31:42,-0.010379252,-0.0021873175,,36.93704,36.39944,0,,-0.010379252,,36.93704,36.39944,-0.0021873175,0.05702219,,36.89208,37.81289,0.008408329,0.8261501018435604,-0.010379252,125.75947915258703
2023-02-06 10:31:47,0.016055233,-0.0020267663,,36.93944,36.39998,0,,0.016055233,,36.93944,36.39998,-0.0020267663,0.079443921,,36.89485,37.81237,0.015440141,0.8308568002315722,0.016055233,125.65943556307093
2023-02-06 10:31:52,-0.00033646,0.002358355,,36.94183,36.40052,0,,-0.00033646,,36.94183,36.40052,0.002358355,0.049218422,,36.89762,37.81186,0.02174594,0.8292698074254634,-0.00033646,125.56026208060256
2023-02-06 10:31:57,0.00488251,0.0026745813,,36.94422,36.40106,0,0.0,0.00488251,,36.94422,36.40106,0.0026745813,-0.039999416,,36.90039,37.81134,0.021601664,0.8222094465497465,0.00488251,125.46021814139851
2023-02-06 10:32:02,0.036378902,0.0042630574,,36.94662,36.4016,0,0.0,0.036378902,,36.94662,36.4016,0.0042630574,0.061152205,,36.90316,37.81083,0.010099412,0.8170959616351571,0.036378902,125.36111494705972
2023-02-06 10:32:07,0.051986386,0.011080183,,36.94901,36.40214,0,0.0,0.051986386,,36.94901,36.40214,0.011080183,0.057007986,,36.90593,37.81031,0.018110972,0.8105084164888707,0.051986386,125.26110641099055
2023-02-06 10:32:12,-0.001306461,0.021001915,,36.9514,36.40268,0,0.0,-0.001306461,,36.9514,36.40268,0.021001915,-0.012479468,,36.91437,37.82499,0.019437978,0.8048937821121864,-0.001306461,126.48439073697344
2023-02-06 10:32:17,0.019646843,0.014430015,,36.95379,36.40322,0,0.0,0.019646843,,36.95379,36.40322,0.014430015,0.075495353,,36.91714,37.82448,0.0113034,0.7937080116888631,0.019646843,126.38547274063333
2023-02-06 10:32:22,-0.017830319,0.017941723,,36.96266,36.41501,0,0.0,-0.017830319,,36.96266,36.41501,0.017941723,0.071565863,,36.91992,37.82396,0.019702477,0.7963903545449399,-0.017830319,125.30625632278144
2023-02-06 10:32:27,0.008660331,0.011618255,,36.96506,36.41556,0,0.0,0.008660331,,36.96506,36.41556,0.011618255,0.087368381,,36.9227,37.82345,0.022700375,0.7934323283512941,0.008660331,125.2062748235495
2023-02-06 10:32:32,0.040299962,0.012237975,,36.96746,36.41611,0,0.0,0.040299962,,36.96746,36.41611,0.012237975,-0.015059871,,36.92547,37.82294,0.02827535,0.8152167533211625,0.040299962,125.10636100537835
2023-02-06 10:32:37,-0.055589363,0.016948972,,36.96985,36.41666,0,0.0,-0.055589363,,36.96985,36.41666,0.016948972,-0.012444764,,36.92825,37.82243,0.0164964,0.7803152881989276,-0.055589363,125.00638221536857
2023-02-06 10:32:42,-0.039921699,0.0047949012,,36.97224,36.41721,0,0.0,-0.039921699,,36.97224,36.41721,0.0047949012,-0.010079265,,36.93102,37.82191,0.013210877,0.786329467132719,-0.039921699,124.90558315832517
2023-02-06 10:32:47,-0.061173218,0.0029633213,,36.97463,36.41776,0,0.0,-0.061173218,,36.97463,36.41776,0.0029633213,0.012245566,,36.93379,37.8214,0.009203322,0.7909686026244735,-0.061173218,124.80569016194633
2023-02-06 10:32:52,0.0234197909999999,-0.0023879395,,36.97702,36.41832,0,0.0,0.0234197909999999,,36.97702,36.41832,-0.0023879395,0.0018815749999999,,36.93657,37.82089,0.00810587,0.7909588600087833,0.0234197909999999,124.70487902291462
2023-02-06 10:32:57,-0.056254086,-0.0018918894,,36.97941,36.41887,0,0.0,-0.056254086,,36.97941,36.41887,-0.0018918894,0.102429518,,36.93934,37.82038,0.0053311894,0.7811088860734281,-0.056254086,124.60502259860422
2023-02-06 10:33:02,-0.003244389,-0.00640806,,36.9818,36.41942,0,0.0,-0.003244389,,36.9818,36.41942,-0.00640806,-0.111515943,,36.94211,37.81988,0.016472753,0.7963455543000513,-0.003244389,124.50607222396233
2023-02-06 10:33:07,0.007133214,-0.0060783112,,36.98418,36.41998,0,0.0,0.007133214,,36.98418,36.41998,-0.0060783112,0.100854767,,36.94488,37.81937,-0.006739088,0.7730416976296145,0.007133214,124.40533331672181
2023-02-06 10:33:12,0.007047927,-0.004915026,,36.98657,36.42054,0,0.0,0.007047927,,36.98657,36.42054,-0.004915026,-0.001743866,,36.94765,37.81886,0.01236996,0.7589438620858269,0.007047927,124.30464389640063
2023-02-06 10:33:17,0.02276682,-0.0032463274,,36.99554,36.43237,0,0.0,0.02276682,,36.99554,36.43237,-0.0032463274,0.007265555,,36.95042,37.81835,0.0056722467,0.7561570901090501,0.02276682,123.22567720399756
2023-02-06 10:33:22,0.01222083,0.00047305,,36.99793,36.43293,0,0.0,0.01222083,,36.99793,36.43293,0.00047305,0.068886345,,36.95319,37.81784,0.0059924102,0.7677475445858382,0.01222083,123.12482264336366
2023-02-06 10:33:27,0.001297758,0.0026193946,,37.00032,36.4335,0,0.0,0.001297758,,37.00032,36.4335,0.0026193946,0.090749733,,36.95596,37.81734,0.013778384,0.7687971603661452,0.001297758,123.02398612643195
2023-02-06 10:33:32,0.001225268,0.0033798057,,37.00271,36.43406,0,0.0,0.001225268,,37.00271,36.43406,0.0033798057,-0.018574132,,36.96454,37.83201,0.021458887,0.7672073863124085,0.001225268,124.24198270906145
2023-02-06 10:33:37,0.011623886,0.0041908426,,37.0051,36.43463,0,0.0,0.011623886,,37.0051,36.43463,0.0041908426,0.09533782,,36.96731,37.8315,0.0107978005,0.7664669468195687,0.011623886,124.14046941700177
2023-02-06 10:33:42,0.048669001,0.0057922816,,37.00748,36.43519,0,0.0,0.048669001,,37.00748,36.43519,0.0057922816,0.041554581,,36.97009,37.831,0.023703232,0.7703483417543893,0.048669001,124.04067526929907
2023-02-06 10:33:47,0.02213386,0.01253767,,37.00987,36.43576,0,0.0,0.02213386,,37.00987,36.43576,0.01253767,0.03393307,,36.97286,37.83049,0.021204434,0.7805989959149978,0.02213386,123.93919946106165
2023-02-06 10:33:52,0.016721572,0.0136716515,,37.01225,36.43633,0,0.0,0.016721572,,37.01225,36.43633,0.0136716515,0.016315134,,36.97564,37.82999,0.020416902,0.779716044799461,0.016721572,123.83855660451697
2023-02-06 10:33:57,0.101531107,0.01448639,,37.01464,36.4369,0,0.0,0.101531107,,37.01464,36.4369,0.01448639,0.05128855,,36.97841,37.82948,0.017527172,0.800349836755947,0.101531107,123.7371184281148
2023-02-06 10:34:02,0.122562295,0.035209306,,37.01702,36.43747,0,0.0,0.122562295,,37.01702,36.43747,0.035209306,0.12545303,,36.98118,37.82898,0.020121032,0.7943255904125949,0.122562295,123.63655862095169
2023-02-06 10:34:07,0.037363826,0.066136666,,37.02607,36.44934,0,0.0,0.037363826,,37.02607,36.44934,0.066136666,0.179812224,0.179812224,36.98395,37.82848,0.0321419,0.8059983792251126,0.037363826,122.55382467347495
2023-02-06 10:34:12,0.069029254,0.045904867,,37.02846,36.44992,0,0.0,0.069029254,,37.02846,36.44992,0.045904867,0.06370972,,36.98672,37.82798,0.052158218,0.8020492797032212,0.069029254,122.45223618455714
2023-02-06 10:34:17,0.074218995,0.059453223,,37.03084,36.45049,0,0.0,0.074218995,,37.03084,36.45049,0.059453223,0.052126054,,36.98949,37.82748,0.042184398,0.8263314548529056,0.074218995,122.35151953203376
2023-02-06 10:34:22,0.13763733,0.06464547,,37.03323,36.45107,0,0.0,0.13763733,,37.03323,36.45107,0.06464547,0.053865706,,36.99226,37.82698,0.04027404,0.8234177445173815,0.13763733,122.24996802644017
2023-02-06 10:34:27,0.137454407,0.095752016,,37.03561,36.45165,0,0.0,0.137454407,,37.03561,36.45165,0.095752016,0.0621111109999999,,36.99503,37.82648,0.038193084,0.8235322716634746,0.137454407,122.14840184539531
2023-02-06 10:34:32,0.105268241,0.11386147,,37.038,36.45223,0,0.0,0.105268241,,37.038,36.45223,0.11386147,0.122687658,,36.9978,37.82598,0.03693582,0.8284220053987326,0.105268241,122.04688746898479
2023-02-06 10:34:37,0.216579721,0.10506581,,37.04038,36.45282,0,0.0,0.216579721,,37.04038,36.45282,0.10506581,0.294819695,0.294819695,37.00057,37.82548,0.045859672,0.8362413509239592,0.216579721,121.94447198595464
2023-02-06 10:34:42,0.194949607,0.16420424,,37.04276,36.4534,0,0.0,0.194949607,,37.04276,36.4534,0.16420424,0.284075537,0.284075537,37.00333,37.82498,0.092794225,0.8354096438972078,0.194949607,121.8430109035212
2023-02-06 10:34:47,0.210679538,0.1768167,,37.04514,36.45398,0,0.0,0.210679538,,37.04514,36.45398,0.1768167,0.376290466,0.376290466,37.0061,37.82448,0.13318837,0.8577081908471209,0.210679538,121.74152064591264
2023-02-06 10:34:52,0.379125034,0.19468448,0.379125034,37.04752,36.45457,1,1.0,0.379125034,0.379125034,37.04752,36.45457,0.19468448,0.65689974,0.65689974,37.01483,37.83914,0.20844239,0.8732037834386919,0.379125034,122.95787508984868
2023-02-06 10:34:57,0.486159498,0.30427518,0.486159498,37.05665,36.46647,1,2.0,0.486159498,0.486159498,37.05665,36.46647,0.30427518,0.912107592,0.912107592,37.0176,37.83865,0.4120328,0.8799717713362616,0.486159498,121.8721619613232
2023-02-06 10:35:02,0.921452223,0.4127914,0.921452223,37.05903,36.46706,1,3.0,0.921452223,0.921452223,37.05903,36.46706,0.4127914,1.088288244,1.088288244,37.02037,37.83815,0.68934065,0.8781116764318533,0.921452223,121.7698134634693
2023-02-06 10:35:07,1.441782396,0.6386264,1.441782396,37.06142,36.46766,1,4.0,1.441782396,1.441782396,37.06142,36.46766,0.6386264,1.220121902,1.220121902,37.02314,37.83765,0.93323326,0.8754338469975147,1.441782396,121.66662817528358
2023-02-06 10:35:12,1.935410101,0.7979595,1.935410101,37.0638,36.46825,1,5.0,1.935410101,1.935410101,37.0638,36.46825,0.7979595,1.33257177,1.33257177,37.02592,37.83716,1.135871,0.8829052294548484,1.935410101,121.56515841090243
2023-02-06 10:35:17,2.232345327,0.896138,2.232345327,37.06618,36.46884,1,6.0,2.232345327,2.232345327,37.06618,36.46884,0.896138,1.530224053,1.530224053,37.02869,37.83667,1.3021829,0.9006307644122578,2.232345327,121.4637548727333
2023-02-06 10:35:22,2.295462973,0.9302362,2.295462973,37.06856,36.46944,1,7.0,2.295462973,2.295462973,37.06856,36.46944,0.9302362,1.504481958,,37.03146,37.83617,1.4948039,0.906446754598036,2.295462973,121.36059685342136
2023-02-06 10:35:27,2.220317855,0.94235605,2.220317855,37.07094,36.47003,1,8.0,2.220317855,2.220317855,37.07094,36.47003,0.94235605,1.301405708,1.301405708,37.03423,37.83568,1.5310358,0.9132606459119244,2.220317855,121.2592321146924
2023-02-06 10:35:32,2.044024709,0.94150275,2.044024709,37.07332,36.47063,1,9.0,2.044024709,2.044024709,37.07332,36.47063,0.94150275,1.183520544,,37.037,37.83519,1.2621735,0.9220402190584437,2.044024709,121.15699992487441
2023-02-06 10:35:37,1.904967203,0.9324185,1.904967203,37.0757,36.47123,1,10.0,1.904967203,1.904967203,37.0757,36.47123,0.9324185,0.940940728,0.940940728,37.03976,37.83469,1.1456687,0.9233492083479184,1.904967203,121.05394504816968
2023-02-06 10:35:42,1.55320494,0.9183222,1.55320494,37.07808,36.47183,1,11.0,1.55320494,1.55320494,37.07808,36.47183,0.9183222,0.593170557,0.593170557,37.04253,37.8342,0.8316932,0.929636281530116,1.55320494,120.95175154949938
2023-02-06 10:35:47,1.185559468,0.8512185,1.185559468,37.08728,36.48377,1,12.0,1.185559468,1.185559468,37.08728,36.48377,0.8512185,0.422477363,,37.0453,37.83371,0.4541008,0.9313715555503317,1.185559468,119.86568082709175
2023-02-06 10:35:52,1.071677288,0.6856203,1.071677288,37.08966,36.48438,1,13.0,1.071677288,1.071677288,37.08966,36.48438,0.6856203,0.27679552,,37.04806,37.83322,0.38522363,0.9357845573313064,1.071677288,119.76246657532127
2023-02-06 10:35:57,0.47608086,0.6142,,37.09204,36.48498,0,13.0,0.47608086,,37.09204,36.48498,0.6142,0.106990455,,37.05083,37.83273,0.23215865,0.9498320546315602,0.47608086,119.66010700554932
2023-02-06 10:36:02,0.161077614,0.089260876,,37.09442,36.48559,0,13.0,0.161077614,,37.09442,36.48559,0.089260876,-0.24134535,-0.24134535,37.05359,37.83224,0.096716486,0.952137123657781,0.161077614,119.55693034861427
2023-02-06 10:36:07,0.106567958,-0.038701065,0.106567958,37.0968,36.4862,1,14.0,0.106567958,0.106567958,37.0968,36.4862,-0.038701065,-0.399692351,-0.399692351,37.06245,37.84689,-0.23430817,0.9541643452665991,0.106567958,120.76773131800773
2023-02-06 10:36:12,-0.176853717,-0.11179638,,37.09918,36.48681,0,14.0,-0.176853717,,37.09918,36.48681,-0.11179638,-0.715427934,-0.715427934,37.06523,37.8464,-0.34542608,0.9531211830488289,-0.176853717,120.66469825077566
2023-02-06 10:36:17,-0.49198502,-0.45628956,,37.10156,36.48742,0,14.0,-0.49198502,,37.10156,36.48742,-0.45628956,-0.97890841,-0.97890841,37.068,37.84592,-0.701263,0.9571683167770366,-0.49198502,120.56261464972
2023-02-06 10:36:22,-0.727662561,-0.49920148,-0.727662561,37.10393,36.48803,1,15.0,-0.727662561,-0.727662561,37.10393,36.48803,-0.49920148,-1.091661008,,37.07077,37.84543,-0.96333486,0.9585120561484489,-0.727662561,120.459638106193
2023-02-06 10:36:27,-0.862382933,-0.61732346,-0.862382933,37.1063,36.48864,1,16.0,-0.862382933,-0.862382933,37.1063,36.48864,-0.61732346,-1.296236871,-1.296236871,37.07354,37.84494,-1.1266872,0.9627347439830368,-0.862382933,120.35668212042071
2023-02-06 10:36:32,-1.066325709,-0.62436146,-1.066325709,37.11558,36.50062,1,17.0,-1.066325709,-1.066325709,37.11558,36.50062,-0.62436146,-1.376415045,,37.07631,37.84446,-1.3637171,0.9655067101648533,-1.066325709,119.26686445682577
2023-02-06 10:36:37,-1.12173043,-0.6374487,-1.12173043,37.11796,36.50124,1,18.0,-1.12173043,-1.12173043,37.11796,36.50124,-0.6374487,-1.378261483,,37.07908,37.84397,-1.3570694,0.9657412350786923,-1.12173043,119.16285905080346
2023-02-06 10:36:42,-1.123970597,-0.6371495,-1.123970597,37.12034,36.50186,1,19.0,-1.123970597,-1.123970597,37.12034,36.50186,-0.6371495,-1.334215029,,37.08184,37.84349,-1.3788304,0.9647140565966129,-1.123970597,119.05980734593302
2023-02-06 10:36:47,-1.152997663,-0.648399,-1.152997663,37.12272,36.50248,1,20.0,-1.152997663,-1.152997663,37.12272,36.50248,-0.648399,-1.217953421,,37.08461,37.84301,-1.3079684,0.9613650380035276,-1.152997663,118.95672705347766
2023-02-06 10:36:52,-1.171507022,-0.64479095,-1.171507022,37.12509,36.5031,1,20.0,-1.171507022,-1.171507022,37.12509,36.5031,-0.64479095,-1.10868628,,37.08738,37.84252,-1.1973686,0.9554989239857019,-1.171507022,118.85274878543969
2023-02-06 10:36:57,-1.191104002,-0.6346121,-1.191104002,37.12747,36.50372,1,20.0,-1.191104002,-1.191104002,37.12747,36.50372,-0.6346121,-1.062269112,,37.09014,37.84204,-1.0790676,0.9464031546097627,-1.191104002,118.74975489560532
2023-02-06 10:37:02,-1.134540857,-0.6511808,-1.134540857,37.12984,36.50434,1,20.0,-1.134540857,-1.134540857,37.12984,36.50434,-0.6511808,-0.837811297,-0.837811297,37.09291,37.84156,-1.0222418,0.9395793201463037,-1.134540857,118.64670299096238
2023-02-06 10:37:07,-1.180152758,-0.6409405,-1.180152758,37.13222,36.50497,1,20.0,-1.180152758,-1.180152758,37.13222,36.50497,-0.6409405,-0.73567109,,37.09567,37.84108,-0.77646214,0.9322987456172223,-1.180152758,118.5428616350033
2023-02-06 10:37:12,-1.082205786,-0.6452949,-1.082205786,37.13459,36.50559,1,20.0,-1.082205786,-1.082205786,37.13459,36.50559,-0.6452949,-0.699291617,,37.09843,37.8406,-0.6350061,0.9219664075190961,-1.082205786,118.43989556650874
2023-02-06 10:37:17,-1.037911923,-0.6383041,-1.037911923,37.13696,36.50622,1,20.0,-1.037911923,-1.037911923,37.13696,36.50622,-0.6383041,-0.590710866,,37.10742,37.85524,-0.5704037,0.9122022337413066,-1.037911923,119.64995619116824
2023-02-06 10:37:22,-1.004254046,-0.64812046,-1.004254046,37.14631,36.51824,1,20.0,-1.004254046,-1.004254046,37.14631,36.51824,-0.64812046,-0.482320694,,37.11019,37.85476,-0.4819336,0.9057198237205807,-1.004254046,118.55518525922791
2023-02-06 10:37:27,-0.891008917,-0.62863046,-0.891008917,37.14869,36.51887,1,20.0,-0.891008917,-0.891008917,37.14869,36.51887,-0.62863046,-0.400446814,,37.11296,37.85428,-0.39199358,0.8970870328327105,-0.891008917,118.4513496797889
2023-02-06 10:37:32,-0.815248182,-0.62472945,-0.815248182,37.15106,36.51951,1,20.0,-0.815248182,-0.815248182,37.15106,36.51951,-0.62472945,-0.305839799,,37.11573,37.8538,-0.31716394,0.8918547640550079,-0.815248182,118.346618921061
2023-02-06 10:37:37,-0.6703753589999999,-0.62044895,,37.15344,36.52014,0,19.0,-0.6703753589999999,,37.15344,36.52014,-0.62044895,-0.21119308,,37.1185,37.85332,-0.23562104,0.8863223939091551,-0.6703753589999999,118.24282355411523
2023-02-06 10:37:42,-0.557663835,-0.5222838,,37.15581,36.52078,0,18.0,-0.557663835,,37.15581,36.52078,-0.5222838,-0.110396941,,37.12127,37.85285,-0.15188192,0.880777232390116,-0.557663835,118.1390198022173
2023-02-06 10:37:47,-0.492915856,-0.42655483,,37.15818,36.52141,0,17.0,-0.492915856,,37.15818,36.52141,-0.42655483,-0.147526518,,37.12403,37.85237,-0.064727806,0.8713001791337183,-0.492915856,118.03528036388975
2023-02-06 10:37:52,-0.380575529,-0.30672303,,37.16055,36.52205,0,16.0,-0.380575529,,37.16055,36.52205,-0.30672303,-0.086141801,,37.1268,37.85189,-0.059818387,0.8631822008463679,-0.380575529,117.9306318763049
2023-02-06 10:37:57,-0.326865809,-0.17311844,-0.326865809,37.16292,36.52269,1,17.0,-0.326865809,-0.326865809,37.16292,36.52269,-0.17311844,-0.097345631,,37.12957,37.85142,-0.020362627,0.858617770687499,-0.326865809,117.82689013142627
2023-02-06 10:38:02,-0.2149104989999999,-0.16265365,,37.16528,36.52333,0,17.0,-0.2149104989999999,,37.16528,36.52333,-0.16265365,0.048484302,,37.13233,37.85095,-0.023158092,0.855085436569011,-0.2149104989999999,117.72318480946343
2023-02-06 10:38:07,-0.151120244,-0.0723602,,37.17471,36.53539,0,16.0,-0.151120244,,37.17471,36.53539,-0.0723602,-0.061597545,,37.1351,37.85047,0.046419475,0.8569137902300037,-0.151120244,116.62855243034907
2023-02-06 10:38:12,-0.055358526,-0.04788975,,37.17708,36.53603,0,16.0,-0.055358526,,37.17708,36.53603,-0.04788975,-0.014411562,,37.13786,37.85,0.0010103575,0.8487675696905553,-0.055358526,116.524674701115
2023-02-06 10:38:17,-0.098375663,0.009103585,,37.17945,36.53668,0,16.0,-0.098375663,,37.17945,36.53668,0.009103585,-0.190234993,-0.190234993,37.14062,37.84952,0.020828221,0.8482364954824728,-0.098375663,116.41904572067861
2023-02-06 10:38:22,-0.024337802,-0.017504161,,37.18182,36.53733,0,15.0,-0.024337802,,37.18182,36.53733,-0.017504161,-0.097385932,,37.14338,37.84905,-0.06302073,0.8514144578120906,-0.024337802,116.31432219860268
2023-02-06 10:38:27,0.012185082,0.014789277,,37.18419,36.53797,0,14.0,0.012185082,,37.18419,36.53797,0.014789277,-0.024715325,,37.15249,37.86369,-0.045841906,0.8260751011603353,0.012185082,117.52027824138997
2023-02-06 10:38:32,-0.03125681,0.041737333,,37.18656,36.53862,0,13.0,-0.03125681,,37.18656,36.53862,0.041737333,-0.076576971,,37.15526,37.86322,-0.032249503,0.8288483516963796,-0.03125681,117.41576869337563
2023-02-06 10:38:37,0.0103719,0.01547992,,37.18893,36.53928,0,12.0,0.0103719,,37.18893,36.53928,0.01547992,-0.102551524,,37.15803,37.86275,-0.04606795,0.8283638588720612,0.0103719,117.31039463770273
2023-02-06 10:38:42,-0.001698229,0.032088116,,37.19129,36.53993,0,11.0,-0.001698229,,37.19129,36.53993,0.032088116,-0.115799493,,37.1608,37.86228,-0.05687816,0.8172635857677035,-0.001698229,117.20590293878448
2023-02-06 10:38:47,-0.008460457,0.024439864,,37.19366,36.54058,0,10.0,-0.008460457,,37.19366,36.54058,0.024439864,-0.128777247,,37.16357,37.86181,-0.06639294,0.8011632998643284,-0.008460457,117.101457226698
2023-02-06 10:38:52,-0.012687861,0.018052937,,37.20315,36.55268,0,9.0,-0.012687861,,37.20315,36.55268,0.018052937,-0.109521014,,37.16633,37.86134,-0.07652023,0.7935278110408399,-0.012687861,116.00290314787223
2023-02-06 10:38:57,-0.059930331,0.012774905,,37.20552,36.55334,0,8.0,-0.059930331,,37.20552,36.55334,0.012774905,-0.201865881,,37.1691,37.86087,-0.07773087,0.7834693741510257,-0.059930331,115.89736171933218
2023-02-06 10:39:02,-0.078180574,-0.010118703,,37.20789,36.554,0,7.0,-0.078180574,,37.20789,36.554,-0.010118703,-0.294407805,-0.294407805,37.17186,37.8604,-0.106793486,0.7675195863349249,-0.078180574,115.79188735852544
2023-02-06 10:39:07,-0.16866911,-0.022972777,-0.16866911,37.21026,36.55466,1,7.0,-0.16866911,-0.16866911,37.21026,36.55466,-0.022972777,-0.212924606,,37.17463,37.85994,-0.14779225,0.7692153627463845,-0.16866911,115.68727271005166
2023-02-06 10:39:12,-0.221352272,-0.060455732,-0.221352272,37.21263,36.55532,1,7.0,-0.221352272,-0.221352272,37.21263,36.55532,-0.060455732,-0.171718977,,37.17739,37.85947,-0.15164818,0.7664182962735556,-0.221352272,115.58183915359345
2023-02-06 10:39:17,-0.213407207,-0.108413495,,37.21499,36.55598,0,6.0,-0.213407207,,37.21499,36.55598,-0.108413495,-0.18610948,,37.18015,37.85901,-0.152149,0.7538991327049347,-0.213407207,115.47728141615478
2023-02-06 10:39:22,-0.296094876,-0.14232466,-0.296094876,37.21736,36.55665,1,6.0,-0.296094876,-0.296094876,37.21736,36.55665,-0.14232466,-0.187530558,,37.18292,37.85854,-0.15802027,0.7436058685298086,-0.296094876,115.37095907189247
2023-02-06 10:39:27,-0.299238053,-0.21513724,,37.21972,36.55731,0,5.0,-0.299238053,,37.21972,36.55731,-0.21513724,-0.27445653,,37.18568,37.85808,-0.15999292,0.7453397599710165,-0.299238053,115.2664435090763
2023-02-06 10:39:32,-0.29212633,-0.24675211,,37.22208,36.55798,0,4.0,-0.29212633,,37.22208,36.55798,-0.24675211,-0.2633286,,37.1949,37.87271,-0.18875067,0.7475412643109526,-0.29212633,116.47093226009223
2023-02-06 10:39:37,-0.295698114,-0.26036778,,37.23164,36.57011,0,4.0,-0.295698114,,37.23164,36.57011,-0.26036778,-0.166835857,,37.19767,37.87225,-0.2003141,0.7517300574556453,-0.295698114,115.36919696646862
2023-02-06 10:39:42,-0.326321631,-0.26780194,,37.23401,36.57078,0,4.0,-0.326321631,,37.23401,36.57078,-0.26780194,-0.241394284,,37.20044,37.87179,-0.18005347,0.7452627910313603,-0.326321631,115.26381674493514
2023-02-06 10:39:47,-0.287867926,-0.2911332,,37.23638,36.57146,0,4.0,-0.287867926,,37.23638,36.57146,-0.2911332,-0.092855753,,37.20321,37.87132,-0.19635993,0.7371736523099702,-0.287867926,115.1566877600863
2023-02-06 10:39:52,-0.382492866,-0.26954845,,37.23874,36.57213,0,4.0,-0.382492866,,37.23874,36.57213,-0.26954845,-0.16754104,,37.20597,37.87086,-0.15193538,0.7363126690986267,-0.382492866,115.05136530568839
2023-02-06 10:39:57,-0.310683143,-0.3325666,,37.2411,36.57281,0,3.0,-0.310683143,,37.2411,36.57281,-0.3325666,-0.098050819,,37.20874,37.8704,-0.15417968,0.7297272288246438,-0.310683143,114.94513675444273
